{
  "project_info": {
    "project_number": "434664501787",
    "firebase_url": "https://daisy-android-app.firebaseio.com",
    "project_id": "daisy-android-app",
    "storage_bucket": "daisy-android-app.appspot.com"
  },
  "client": [
    {
      "client_info": {
        "mobilesdk_app_id": "1:434664501787:android:a76b30d737e8ce7ce77ebe",
        "android_client_info": {
          "package_name": "com.example.daisyandroidapp"
        }
      },
      "oauth_client": [
        {
          "client_id": "434664501787-nthrttmhoj4fn8359fcgikhib53d2ufe.apps.googleusercontent.com",
          "client_type": 1,
          "android_info": {
            "package_name": "com.example.daisyandroidapp",
            "certificate_hash": "2b25378ce5711ca38ebb0c7b5db9c67c6e0c7f63"
          }
        },
        {
          "client_id": "434664501787-2ff95sugiubc0s7tosv7def7464e3job.apps.googleusercontent.com",
          "client_type": 3
        }
      ],
      "api_key": [
        {
          "current_key": "AIzaSyCE19ZcOdJp3I8DZZ2khGLVE7LoMZihwpg"
        }
      ],
      "services": {
        "appinvite_service": {
          "other_platform_oauth_client": [
            {
              "client_id": "434664501787-2ff95sugiubc0s7tosv7def7464e3job.apps.googleusercontent.com",
              "client_type": 3
            }
          ]
        }
      }
    }
  ],
  "configuration_version": "1"
}